,TV,radio,newspaper,sales
1,230.1,37.8,69.2,22.1
2,44.5,39.3,45.1,10.4
3,17.2,45.9,69.3,9.3
4,151.5,41.3,58.5,18.5
5,180.8,10.8,58.4,12.9
6,8.7,48.9,75,7.2
7,57.5,32.8,23.5,11.8
8,120.2,19.6,11.6,13.2
9,8.6,2.1,1,4.8
10,199.8,2.6,21.2,10.6
11,66.1,5.8,24.2,8.6
12,214.7,24,4,17.4
13,23.8,35.1,65.9,9.2
14,97.5,7.6,7.2,9.7
15,204.1,32.9,46,19
16,195.4,47.7,52.9,22.4
17,67.8,36.6,114,12.5
18,281.4,39.6,55.8,24.4
19,231.1,38.8,70.2,23.1
20,45.5,40.3,46.1,11.4
21,18.2,46.9,70.3,10.3
22,152.5,42.3,59.5,19.5
23,181.8,11.8,59.4,13.9
24,9.7,49.9,76,8.2
25,58.5,33.8,24.5,12.8
26,121.2,20.6,12.6,14.2
27,9.6,3.1,2,5.8
28,200.8,3.6,22.2,11.6
29,67.1,6.8,25.2,9.6
30,215.7,25,5,18.4
31,24.8,36.1,66.9,10.2
32,98.5,8.6,8.2,10.7
33,205.1,33.9,47,20
34,196.4,48.7,53.9,23.4
35,68.8,37.6,115,13.5
36,282.4,40.6,56.8,25.4
37,232.1,39.8,71.2,24.1
38,46.5,41.3,47.1,12.4
39,19.2,47.9,71.3,11.3
40,153.5,43.3,60.5,20.5
41,182.8,12.8,60.4,14.9
42,10.7,50.9,77,9.2
43,59.5,34.8,25.5,13.8
44,122.2,21.6,13.6,15.2
45,10.6,4.1,3,6.8
46,201.8,4.6,23.2,12.6
47,68.1,7.8,26.2,10.6
48,216.7,26,6,19.4
49,25.8,37.1,67.9,11.2
50,99.5,9.6,9.2,11.7
51,206.1,34.9,48,21
52,197.4,49.7,54.9,24.4
53,69.8,38.6,116,14.5
54,283.4,41.6,57.8,26.4
55,233.1,40.8,72.2,25.1
56,47.5,42.3,48.1,13.4
57,20.2,48.9,72.3,12.3
58,154.5,44.3,61.5,21.5
59,183.8,13.8,61.4,15.9
60,11.7,51.9,78,10.2
61,60.5,35.8,26.5,14.8
62,123.2,22.6,14.6,16.2
63,11.6,5.1,4,7.8
64,202.8,5.6,24.2,13.6
65,69.1,8.8,27.2,11.6
66,217.7,27,7,20.4
67,26.8,38.1,68.9,12.2
68,100.5,10.6,10.2,12.7
69,207.1,35.9,49,22
70,198.4,50.7,55.9,25.4
71,70.8,39.6,117,15.5
72,284.4,42.6,58.8,27.4
73,234.1,41.8,73.2,26.1
74,48.5,43.3,49.1,14.4
75,21.2,49.9,73.3,13.3
76,155.5,45.3,62.5,22.5
77,184.8,14.8,62.4,16.9
78,12.7,52.9,79,11.2
79,61.5,36.8,27.5,15.8
80,124.2,23.6,15.6,17.2
81,12.6,6.1,5,8.8
82,203.8,6.6,25.2,14.6
83,70.1,9.8,28.2,12.6
84,218.7,28,8,21.4
85,27.8,39.1,69.9,13.2
86,101.5,11.6,11.2,13.7
87,208.1,36.9,50,23
88,199.4,51.7,56.9,26.4
89,71.8,40.6,118,16.5
90,285.4,43.6,59.8,28.4
91,235.1,42.8,74.2,27.1
92,49.5,44.3,50.1,15.4
93,22.2,50.9,74.3,14.3
94,156.5,46.3,63.5,23.5
95,185.8,15.8,63.4,17.9
96,13.7,53.9,80,12.2
97,62.5,37.8,28.5,16.8
98,125.2,24.6,16.6,18.2
99,13.6,7.1,6,9.8
100,204.8,7.6,26.2,15.6
101,71.1,10.8,29.2,13.6
102,219.7,29,9,22.4
103,28.8,40.1,70.9,14.2
104,102.5,12.6,12.2,14.7
105,209.1,37.9,51,24
106,200.4,52.7,57.9,27.4
107,72.8,41.6,119,17.5
108,286.4,44.6,60.8,29.4
109,236.1,43.8,75.2,28.1
110,50.5,45.3,51.1,16.4
111,23.2,51.9,75.3,15.3
112,157.5,47.3,64.5,24.5
113,186.8,16.8,64.4,18.9
114,14.7,54.9,81,13.2
115,63.5,38.8,29.5,17.8
116,126.2,25.6,17.6,19.2
117,14.6,8.1,7,10.8
118,205.8,8.6,27.2,16.6
119,72.1,11.8,30.2,14.6
120,220.7,30,10,23.4
121,29.8,41.1,71.9,15.2
122,103.5,13.6,13.2,15.7
123,210.1,38.9,52,25
124,201.4,53.7,58.9,28.4
125,73.8,42.6,120,18.5
126,287.4,45.6,61.8,30.4
127,237.1,44.8,76.2,29.1
128,51.5,46.3,52.1,17.4
129,24.2,52.9,76.3,16.3
130,158.5,48.3,65.5,25.5
131,187.8,17.8,65.4,19.9
132,15.7,55.9,82,14.2
133,64.5,39.8,30.5,18.8
134,127.2,26.6,18.6,20.2
135,15.6,9.1,8,11.8
136,206.8,9.6,28.2,17.6
137,73.1,12.8,31.2,15.6
138,221.7,31,11,24.4
139,30.8,42.1,72.9,16.2
140,104.5,14.6,14.2,16.7
141,211.1,39.9,53,26
142,202.4,54.7,59.9,29.4
143,74.8,43.6,121,19.5
144,288.4,46.6,62.8,31.4
145,238.1,45.8,77.2,30.1
146,52.5,47.3,53.1,18.4
147,25.2,53.9,77.3,17.3
148,159.5,49.3,66.5,26.5
149,188.8,18.8,66.4,20.9
150,16.7,56.9,83,15.2
151,65.5,40.8,31.5,19.8
152,128.2,27.6,19.6,21.2
153,16.6,10.1,9,12.8
154,207.8,10.6,29.2,18.6
155,74.1,13.8,32.2,16.6
156,222.7,32,12,25.4
157,31.8,43.1,73.9,17.2
158,105.5,15.6,15.2,17.7
159,212.1,40.9,54,27
160,203.4,55.7,60.9,30.4
161,75.8,44.6,122,20.5
162,289.4,47.6,63.8,32.4
163,239.1,46.8,78.2,31.1
164,53.5,48.3,54.1,19.4
165,26.2,54.9,78.3,18.3
166,160.5,50.3,67.5,27.5
167,189.8,19.8,67.4,21.9
168,17.7,57.9,84,16.2
169,66.5,41.8,32.5,20.8
170,129.2,28.6,20.6,22.2
171,17.6,11.1,10,13.8
172,208.8,11.6,30.2,19.6
173,75.1,14.8,33.2,17.6
174,223.7,33,13,26.4
175,32.8,44.1,74.9,18.2
176,106.5,16.6,16.2,18.7
177,213.1,41.9,55,28
178,204.4,56.7,61.9,31.4
179,76.8,45.6,123,21.5
180,290.4,48.6,64.8,33.4
181,240.1,47.8,79.2,32.1
182,54.5,49.3,55.1,20.4
183,27.2,55.9,79.3,19.3
184,161.5,51.3,68.5,28.5
185,190.8,20.8,68.4,22.9
186,18.7,58.9,85,17.2
187,67.5,42.8,33.5,21.8
188,130.2,29.6,21.6,23.2
189,18.6,12.1,11,14.8
190,209.8,12.6,31.2,20.6
191,76.1,15.8,34.2,18.6
192,224.7,34,14,27.4
193,33.8,45.1,75.9,19.2
194,107.5,17.6,17.2,19.7
195,214.1,42.9,56,29
196,205.4,57.7,62.9,32.4
197,77.8,46.6,124,22.5
198,291.4,49.6,65.8,34.4
199,241.1,48.8,80.2,33.1
200,55.5,50.3,56.1,21.4
201,28.2,56.9,80.3,20.3
202,162.5,52.3,69.5,29.5
203,191.8,21.8,69.4,23.9
204,19.7,59.9,86,18.2
205,68.5,43.8,34.5,22.8
206,131.2,30.6,22.6,24.2
207,19.6,13.1,12,15.8
208,210.8,13.6,32.2,21.6
209,77.1,16.8,35.2,19.6
210,225.7,35,15,28.4
211,34.8,46.1,76.9,20.2
212,108.5,18.6,18.2,20.7
213,215.1,43.9,57,30
214,206.4,58.7,63.9,33.4
215,78.8,47.6,125,23.5
216,292.4,50.6,66.8,35.4
217,242.1,49.8,81.2,34.1
218,56.5,51.3,57.1,22.4
219,29.2,57.9,81.3,21.3
220,163.5,53.3,70.5,30.5
221,192.8,22.8,70.4,24.9
222,20.7,60.9,87,19.2
223,69.5,44.8,35.5,23.8
224,132.2,31.6,23.6,25.2
225,20.6,14.1,13,16.8
226,211.8,14.6,33.2,22.6
227,78.1,17.8,36.2,20.6
228,226.7,36,16,29.4
229,35.8,47.1,77.9,21.2
230,109.5,19.6,19.2,21.7
231,216.1,44.9,58,31
232,207.4,59.7,64.9,34.4
233,79.8,48.6,126,24.5
234,293.4,51.6,67.8,36.4
235,243.1,50.8,82.2,35.1
236,57.5,52.3,58.1,23.4
237,30.2,58.9,82.3,22.3
238,164.5,54.3,71.5,31.5
239,193.8,23.8,71.4,25.9
240,21.7,61.9,88,20.2
241,70.5,45.8,36.5,24.8
242,133.2,32.6,24.6,26.2
243,21.6,15.1,14,17.8
244,212.8,15.6,34.2,23.6
245,79.1,18.8,37.2,21.6
246,227.7,37,17,30.4
247,36.8,48.1,78.9,22.2
248,110.5,20.6,20.2,22.7
249,217.1,45.9,59,32
250,208.4,60.7,65.9,35.4
251,80.8,49.6,127,25.5
252,294.4,52.6,68.8,37.4
253,244.1,51.8,83.2,36.1
254,58.5,53.3,59.1,24.4
255,31.2,59.9,83.3,23.3
256,165.5,55.3,72.5,32.5
257,194.8,24.8,72.4,26.9
258,22.7,62.9,89,21.2
259,71.5,46.8,37.5,25.8
260,134.2,33.6,25.6,27.2
261,22.6,16.1,15,18.8
262,213.8,16.6,35.2,24.6
263,80.1,19.8,38.2,22.6
264,228.7,38,18,31.4
265,37.8,49.1,79.9,23.2
266,111.5,21.6,21.2,23.7
267,218.1,46.9,60,33
268,209.4,61.7,66.9,36.4
269,81.8,50.6,128,26.5
270,295.4,53.6,69.8,38.4
271,245.1,52.8,84.2,37.1
272,59.5,54.3,60.1,25.4
273,32.2,60.9,84.3,24.3
274,166.5,56.3,73.5,33.5
275,195.8,25.8,73.4,27.9
276,23.7,63.9,90,22.2
277,72.5,47.8,38.5,26.8
278,135.2,34.6,26.6,28.2
279,23.6,17.1,16,19.8
280,214.8,17.6,36.2,25.6
281,81.1,20.8,39.2,23.6
282,229.7,39,19,32.4
283,38.8,50.1,80.9,24.2
284,112.5,22.6,22.2,24.7
285,219.1,47.9,61,34
286,210.4,62.7,67.9,37.4
287,82.8,51.6,129,27.5
288,296.4,54.6,70.8,39.4
289,246.1,53.8,85.2,38.1
290,60.5,55.3,61.1,26.4
291,33.2,61.9,85.3,25.3
292,167.5,57.3,74.5,34.5
293,196.8,26.8,74.4,28.9
294,24.7,64.9,91,23.2
295,73.5,48.8,39.5,27.8
296,136.2,35.6,27.6,29.2
297,24.6,18.1,17,20.8
298,215.8,18.6,37.2,26.6
299,82.1,21.8,40.2,24.6
300,230.7,40,20,33.4
301,39.8,51.1,81.9,25.2
302,113.5,23.6,23.2,25.7
303,220.1,48.9,62,35
304,211.4,63.7,68.9,38.4
305,83.8,52.6,130,28.5
306,297.4,55.6,71.8,40.4
307,247.1,54.8,86.2,39.1
308,61.5,56.3,62.1,27.4
309,34.2,62.9,86.3,26.3
310,168.5,58.3,75.5,35.5
311,197.8,27.8,75.4,29.9
312,25.7,65.9,92,24.2
313,74.5,49.8,40.5,28.8
314,137.2,36.6,28.6,30.2
315,25.6,19.1,18,21.8
316,216.8,19.6,38.2,27.6
317,83.1,22.8,41.2,25.6
318,231.7,41,21,34.4
319,40.8,52.1,82.9,26.2
320,114.5,24.6,24.2,26.7
321,221.1,49.9,63,36
322,212.4,64.7,69.9,39.4
323,84.8,53.6,131,29.5
324,298.4,56.6,72.8,41.4
325,248.1,55.8,87.2,40.1
326,62.5,57.3,63.1,28.4
327,35.2,63.9,87.3,27.3
328,169.5,59.3,76.5,36.5
329,198.8,28.8,76.4,30.9
330,26.7,66.9,93,25.2
331,75.5,50.8,41.5,29.8
332,138.2,37.6,29.6,31.2
333,26.6,20.1,19,22.8
334,217.8,20.6,39.2,28.6
335,84.1,23.8,42.2,26.6
336,232.7,42,22,35.4
337,41.8,53.1,83.9,27.2
338,115.5,25.6,25.2,27.7
339,222.1,50.9,64,37
340,213.4,65.7,70.9,40.4
341,85.8,54.6,132,30.5
342,299.4,57.6,73.8,42.4
343,249.1,56.8,88.2,41.1
344,63.5,58.3,64.1,29.4
345,36.2,64.9,88.3,28.3
346,170.5,60.3,77.5,37.5
347,199.8,29.8,77.4,31.9
348,27.7,67.9,94,26.2
349,76.5,51.8,42.5,30.8
350,139.2,38.6,30.6,32.2
351,27.6,21.1,20,23.8
352,218.8,21.6,40.2,29.6
353,85.1,24.8,43.2,27.6
354,233.7,43,23,36.4
355,42.8,54.1,84.9,28.2
356,116.5,26.6,26.2,28.7
357,223.1,51.9,65,38
358,214.4,66.7,71.9,41.4
359,86.8,55.6,133,31.5
360,300.4,58.6,74.8,43.4
361,250.1,57.8,89.2,42.1
362,64.5,59.3,65.1,30.4
363,37.2,65.9,89.3,29.3
364,171.5,61.3,78.5,38.5
365,200.8,30.8,78.4,32.9
366,28.7,68.9,95,27.2
367,77.5,52.8,43.5,31.8
368,140.2,39.6,31.6,33.2
369,28.6,22.1,21,24.8
370,219.8,22.6,41.2,30.6
371,86.1,25.8,44.2,28.6
372,234.7,44,24,37.4
373,43.8,55.1,85.9,29.2
374,117.5,27.6,27.2,29.7
375,224.1,52.9,66,39
376,215.4,67.7,72.9,42.4
377,87.8,56.6,134,32.5
378,301.4,59.6,75.8,44.4
379,251.1,58.8,90.2,43.1
380,65.5,60.3,66.1,31.4
381,38.2,66.9,90.3,30.3
382,172.5,62.3,79.5,39.5
383,201.8,31.8,79.4,33.9
384,29.7,69.9,96,28.2
385,78.5,53.8,44.5,32.8
386,141.2,40.6,32.6,34.2
387,29.6,23.1,22,25.8
388,220.8,23.6,42.2,31.6
389,87.1,26.8,45.2,29.6
390,235.7,45,25,38.4
391,44.8,56.1,86.9,30.2
392,118.5,28.6,28.2,30.7
393,225.1,53.9,67,40
394,216.4,68.7,73.9,43.4
395,88.8,57.6,135,33.5
396,302.4,60.6,76.8,45.4
397,252.1,59.8,91.2,44.1
398,66.5,61.3,67.1,32.4
399,39.2,67.9,91.3,31.3
400,173.5,63.3,80.5,40.5
401,202.8,32.8,80.4,34.9
402,30.7,70.9,97,29.2
403,79.5,54.8,45.5,33.8
404,142.2,41.6,33.6,35.2
405,30.6,24.1,23,26.8
406,221.8,24.6,43.2,32.6
407,88.1,27.8,46.2,30.6
408,236.7,46,26,39.4
409,45.8,57.1,87.9,31.2
410,119.5,29.6,29.2,31.7
411,226.1,54.9,68,41
412,217.4,69.7,74.9,44.4
413,89.8,58.6,136,34.5
414,303.4,61.6,77.8,46.4
415,253.1,60.8,92.2,45.1
416,67.5,62.3,68.1,33.4
417,40.2,68.9,92.3,32.3
418,174.5,64.3,81.5,41.5
419,203.8,33.8,81.4,35.9
420,31.7,71.9,98,30.2
421,80.5,55.8,46.5,34.8
422,143.2,42.6,34.6,36.2
423,31.6,25.1,24,27.8
424,222.8,25.6,44.2,33.6
425,89.1,28.8,47.2,31.6
426,237.7,47,27,40.4
427,46.8,58.1,88.9,32.2
428,120.5,30.6,30.2,32.7
429,227.1,55.9,69,42
430,218.4,70.7,75.9,45.4
431,90.8,59.6,137,35.5
432,304.4,62.6,78.8,47.4
433,254.1,61.8,93.2,46.1
434,68.5,63.3,69.1,34.4
435,41.2,69.9,93.3,33.3
436,175.5,65.3,82.5,42.5
437,204.8,34.8,82.4,36.9
438,32.7,72.9,99,31.2
439,81.5,56.8,47.5,35.8
440,144.2,43.6,35.6,37.2
441,32.6,26.1,25,28.8
442,223.8,26.6,45.2,34.6
443,90.1,29.8,48.2,32.6
444,238.7,48,28,41.4
445,47.8,59.1,89.9,33.2
446,121.5,31.6,31.2,33.7
447,228.1,56.9,70,43
448,219.4,71.7,76.9,46.4
449,91.8,60.6,138,36.5
450,305.4,63.6,79.8,48.4
451,255.1,62.8,94.2,47.1
452,69.5,64.3,70.1,35.4
453,42.2,70.9,94.3,34.3
454,176.5,66.3,83.5,43.5
455,205.8,35.8,83.4,37.9
456,33.7,73.9,100,32.2
457,82.5,57.8,48.5,36.8
458,145.2,44.6,36.6,38.2
459,33.6,27.1,26,29.8
460,224.8,27.6,46.2,35.6
461,91.1,30.8,49.2,33.6
462,239.7,49,29,42.4
463,48.8,60.1,90.9,34.2
464,122.5,32.6,32.2,34.7
465,229.1,57.9,71,44
466,220.4,72.7,77.9,47.4
467,92.8,61.6,139,37.5
468,306.4,64.6,80.8,49.4
469,256.1,63.8,95.2,48.1
470,70.5,65.3,71.1,36.4
471,43.2,71.9,95.3,35.3
472,177.5,67.3,84.5,44.5
473,206.8,36.8,84.4,38.9
474,34.7,74.9,101,33.2
475,83.5,58.8,49.5,37.8
476,146.2,45.6,37.6,39.2
477,34.6,28.1,27,30.8
478,225.8,28.6,47.2,36.6
479,92.1,31.8,50.2,34.6
480,240.7,50,30,43.4
481,49.8,61.1,91.9,35.2
482,123.5,33.6,33.2,35.7
483,230.1,58.9,72,45
484,221.4,73.7,78.9,48.4
485,93.8,62.6,140,38.5
486,307.4,65.6,81.8,50.4
487,257.1,64.8,96.2,49.1
488,71.5,66.3,72.1,37.4
489,44.2,72.9,96.3,36.3
490,178.5,68.3,85.5,45.5
491,207.8,37.8,85.4,39.9
492,35.7,75.9,102,34.2
493,84.5,59.8,50.5,38.8
494,147.2,46.6,38.6,40.2
495,35.6,29.1,28,31.8
496,226.8,29.6,48.2,37.6
497,93.1,32.8,51.2,35.6
498,241.7,51,31,44.4
499,50.8,62.1,92.9,36.2
500,124.5,34.6,34.2,36.7
501,231.1,59.9,73,46
502,222.4,74.7,79.9,49.4
503,94.8,63.6,141,39.5
504,308.4,66.6,82.8,51.4
505,258.1,65.8,97.2,50.1
506,72.5,67.3,73.1,38.4
507,45.2,73.9,97.3,37.3
508,179.5,69.3,86.5,46.5
509,208.8,38.8,86.4,40.9
510,36.7,76.9,103,35.2
511,85.5,60.8,51.5,39.8
512,148.2,47.6,39.6,41.2
513,36.6,30.1,29,32.8
514,227.8,30.6,49.2,38.6
515,94.1,33.8,52.2,36.6
516,242.7,52,32,45.4
517,51.8,63.1,93.9,37.2
518,125.5,35.6,35.2,37.7
519,232.1,60.9,74,47
520,223.4,75.7,80.9,50.4
521,95.8,64.6,142,40.5
522,309.4,67.6,83.8,52.4
523,259.1,66.8,98.2,51.1
524,73.5,68.3,74.1,39.4
525,46.2,74.9,98.3,38.3
526,180.5,70.3,87.5,47.5
527,209.8,39.8,87.4,41.9
528,37.7,77.9,104,36.2
529,86.5,61.8,52.5,40.8
530,149.2,48.6,40.6,42.2
531,37.6,31.1,30,33.8
532,228.8,31.6,50.2,39.6
533,95.1,34.8,53.2,37.6
534,243.7,53,33,46.4
535,52.8,64.1,94.9,38.2
536,126.5,36.6,36.2,38.7
537,233.1,61.9,75,48
538,224.4,76.7,81.9,51.4
539,96.8,65.6,143,41.5
540,310.4,68.6,84.8,53.4
541,260.1,67.8,99.2,52.1
542,74.5,69.3,75.1,40.4
543,47.2,75.9,99.3,39.3
544,181.5,71.3,88.5,48.5
545,210.8,40.8,88.4,42.9
546,38.7,78.9,105,37.2
547,87.5,62.8,53.5,41.8
548,150.2,49.6,41.6,43.2
549,38.6,32.1,31,34.8
550,229.8,32.6,51.2,40.6
551,96.1,35.8,54.2,38.6
552,244.7,54,34,47.4
553,53.8,65.1,95.9,39.2
554,127.5,37.6,37.2,39.7
555,234.1,62.9,76,49
556,225.4,77.7,82.9,52.4
557,97.8,66.6,144,42.5
558,311.4,69.6,85.8,54.4
559,261.1,68.8,100.2,53.1
560,75.5,70.3,76.1,41.4
561,48.2,76.9,100.3,40.3
562,182.5,72.3,89.5,49.5
563,211.8,41.8,89.4,43.9
564,39.7,79.9,106,38.2
565,88.5,63.8,54.5,42.8
566,151.2,50.6,42.6,44.2
567,39.6,33.1,32,35.8
568,230.8,33.6,52.2,41.6
569,97.1,36.8,55.2,39.6
570,245.7,55,35,48.4
571,54.8,66.1,96.9,40.2
572,128.5,38.6,38.2,40.7
573,235.1,63.9,77,50
574,226.4,78.7,83.9,53.4
575,98.8,67.6,145,43.5
576,312.4,70.6,86.8,55.4
577,262.1,69.8,101.2,54.1
578,76.5,71.3,77.1,42.4
579,49.2,77.9,101.3,41.3
580,183.5,73.3,90.5,50.5
581,212.8,42.8,90.4,44.9
582,40.7,80.9,107,39.2
583,89.5,64.8,55.5,43.8
584,152.2,51.6,43.6,45.2
585,40.6,34.1,33,36.8
586,231.8,34.6,53.2,42.6
587,98.1,37.8,56.2,40.6
588,246.7,56,36,49.4
589,55.8,67.1,97.9,41.2
590,129.5,39.6,39.2,41.7
591,236.1,64.9,78,51
592,227.4,79.7,84.9,54.4
593,99.8,68.6,146,44.5
594,313.4,71.6,87.8,56.4
595,263.1,70.8,102.2,55.1
596,77.5,72.3,78.1,43.4
597,50.2,78.9,102.3,42.3
598,184.5,74.3,91.5,51.5
599,213.8,43.8,91.4,45.9
600,41.7,81.9,108,40.2
601,90.5,65.8,56.5,44.8
602,153.2,52.6,44.6,46.2
603,41.6,35.1,34,37.8
604,232.8,35.6,54.2,43.6
605,99.1,38.8,57.2,41.6
606,247.7,57,37,50.4
607,56.8,68.1,98.9,42.2
608,130.5,40.6,40.2,42.7
609,237.1,65.9,79,52
610,228.4,80.7,85.9,55.4
611,100.8,69.6,147,45.5
612,314.4,72.6,88.8,57.4
613,264.1,71.8,103.2,56.1
614,78.5,73.3,79.1,44.4
615,51.2,79.9,103.3,43.3
616,185.5,75.3,92.5,52.5
617,214.8,44.8,92.4,46.9
618,42.7,82.9,109,41.2
619,91.5,66.8,57.5,45.8
620,154.2,53.6,45.6,47.2
621,42.6,36.1,35,38.8
622,233.8,36.6,55.2,44.6
623,100.1,39.8,58.2,42.6
624,248.7,58,38,51.4
625,57.8,69.1,99.9,43.2
626,131.5,41.6,41.2,43.7
627,238.1,66.9,80,53
628,229.4,81.7,86.9,56.4
629,101.8,70.6,148,46.5
630,315.4,73.6,89.8,58.4
631,265.1,72.8,104.2,57.1
632,79.5,74.3,80.1,45.4
633,52.2,80.9,104.3,44.3
634,186.5,76.3,93.5,53.5
635,215.8,45.8,93.4,47.9
636,43.7,83.9,110,42.2
637,92.5,67.8,58.5,46.8
638,155.2,54.6,46.6,48.2
639,43.6,37.1,36,39.8
640,234.8,37.6,56.2,45.6
641,101.1,40.8,59.2,43.6
642,249.7,59,39,52.4
643,58.8,70.1,100.9,44.2
644,132.5,42.6,42.2,44.7
645,239.1,67.9,81,54
646,230.4,82.7,87.9,57.4
647,102.8,71.6,149,47.5
648,316.4,74.6,90.8,59.4
649,266.1,73.8,105.2,58.1
650,80.5,75.3,81.1,46.4
651,53.2,81.9,105.3,45.3
652,187.5,77.3,94.5,54.5
653,216.8,46.8,94.4,48.9
654,44.7,84.9,111,43.2
655,93.5,68.8,59.5,47.8
656,156.2,55.6,47.6,49.2
657,44.6,38.1,37,40.8
658,235.8,38.6,57.2,46.6
659,102.1,41.8,60.2,44.6
660,250.7,60,40,53.4
661,59.8,71.1,101.9,45.2
662,133.5,43.6,43.2,45.7
663,240.1,68.9,82,55
664,231.4,83.7,88.9,58.4
665,103.8,72.6,150,48.5
666,317.4,75.6,91.8,60.4
667,267.1,74.8,106.2,59.1
668,81.5,76.3,82.1,47.4
669,54.2,82.9,106.3,46.3
670,188.5,78.3,95.5,55.5
671,217.8,47.8,95.4,49.9
672,45.7,85.9,112,44.2
673,94.5,69.8,60.5,48.8
674,157.2,56.6,48.6,50.2
675,45.6,39.1,38,41.8
676,236.8,39.6,58.2,47.6
677,103.1,42.8,61.2,45.6
678,251.7,61,41,54.4
679,60.8,72.1,102.9,46.2
680,134.5,44.6,44.2,46.7
681,241.1,69.9,83,56
682,232.4,84.7,89.9,59.4
683,104.8,73.6,151,49.5
684,318.4,76.6,92.8,61.4
685,268.1,75.8,107.2,60.1
686,82.5,77.3,83.1,48.4
687,55.2,83.9,107.3,47.3
688,189.5,79.3,96.5,56.5
689,218.8,48.8,96.4,50.9
690,46.7,86.9,113,45.2
691,95.5,70.8,61.5,49.8
692,158.2,57.6,49.6,51.2
693,46.6,40.1,39,42.8
694,237.8,40.6,59.2,48.6
695,104.1,43.8,62.2,46.6
696,252.7,62,42,55.4
697,61.8,73.1,103.9,47.2
698,135.5,45.6,45.2,47.7
699,242.1,70.9,84,57
700,233.4,85.7,90.9,60.4
701,105.8,74.6,152,50.5
702,319.4,77.6,93.8,62.4
703,269.1,76.8,108.2,61.1
704,83.5,78.3,84.1,49.4
705,56.2,84.9,108.3,48.3
706,190.5,80.3,97.5,57.5
707,219.8,49.8,97.4,51.9
708,47.7,87.9,114,46.2
709,96.5,71.8,62.5,50.8
710,159.2,58.6,50.6,52.2
711,47.6,41.1,40,43.8
712,238.8,41.6,60.2,49.6
713,105.1,44.8,63.2,47.6
714,253.7,63,43,56.4
715,62.8,74.1,104.9,48.2
716,136.5,46.6,46.2,48.7
717,243.1,71.9,85,58
718,234.4,86.7,91.9,61.4
719,106.8,75.6,153,51.5
720,320.4,78.6,94.8,63.4
721,270.1,77.8,109.2,62.1
722,84.5,79.3,85.1,50.4
723,57.2,85.9,109.3,49.3
724,191.5,81.3,98.5,58.5
725,220.8,50.8,98.4,52.9
726,48.7,88.9,115,47.2
727,97.5,72.8,63.5,51.8
728,160.2,59.6,51.6,53.2
729,48.6,42.1,41,44.8
730,239.8,42.6,61.2,50.6
731,106.1,45.8,64.2,48.6
732,254.7,64,44,57.4
733,63.8,75.1,105.9,49.2
734,137.5,47.6,47.2,49.7
735,244.1,72.9,86,59
736,235.4,87.7,92.9,62.4
737,107.8,76.6,154,52.5
738,321.4,79.6,95.8,64.4
739,271.1,78.8,110.2,63.1
740,85.5,80.3,86.1,51.4
741,58.2,86.9,110.3,50.3
742,192.5,82.3,99.5,59.5
743,221.8,51.8,99.4,53.9
744,49.7,89.9,116,48.2
745,98.5,73.8,64.5,52.8
746,161.2,60.6,52.6,54.2
747,49.6,43.1,42,45.8
748,240.8,43.6,62.2,51.6
749,107.1,46.8,65.2,49.6
750,255.7,65,45,58.4
751,64.8,76.1,106.9,50.2
752,138.5,48.6,48.2,50.7
753,245.1,73.9,87,60
754,236.4,88.7,93.9,63.4
755,108.8,77.6,155,53.5
756,322.4,80.6,96.8,65.4
757,272.1,79.8,111.2,64.1
758,86.5,81.3,87.1,52.4
759,59.2,87.9,111.3,51.3
760,193.5,83.3,100.5,60.5
761,222.8,52.8,100.4,54.9
762,50.7,90.9,117,49.2
763,99.5,74.8,65.5,53.8
764,162.2,61.6,53.6,55.2
765,50.6,44.1,43,46.8
766,241.8,44.6,63.2,52.6
767,108.1,47.8,66.2,50.6
768,256.7,66,46,59.4
769,65.8,77.1,107.9,51.2
770,139.5,49.6,49.2,51.7
771,246.1,74.9,88,61
772,237.4,89.7,94.9,64.4
773,109.8,78.6,156,54.5
774,323.4,81.6,97.8,66.4
775,273.1,80.8,112.2,65.1
776,87.5,82.3,88.1,53.4
777,60.2,88.9,112.3,52.3
778,194.5,84.3,101.5,61.5
779,223.8,53.8,101.4,55.9
780,51.7,91.9,118,50.2
781,100.5,75.8,66.5,54.8
782,163.2,62.6,54.6,56.2
783,51.6,45.1,44,47.8
784,242.8,45.6,64.2,53.6
785,109.1,48.8,67.2,51.6
786,257.7,67,47,60.4
787,66.8,78.1,108.9,52.2
788,140.5,50.6,50.2,52.7
789,247.1,75.9,89,62
790,238.4,90.7,95.9,65.4
791,110.8,79.6,157,55.5
792,324.4,82.6,98.8,67.4
793,274.1,81.8,113.2,66.1
794,88.5,83.3,89.1,54.4
795,61.2,89.9,113.3,53.3
796,195.5,85.3,102.5,62.5
797,224.8,54.8,102.4,56.9
798,52.7,92.9,119,51.2
799,101.5,76.8,67.5,55.8
800,164.2,63.6,55.6,57.2
801,52.6,46.1,45,48.8
802,243.8,46.6,65.2,54.6
803,110.1,49.8,68.2,52.6
804,258.7,68,48,61.4
805,67.8,79.1,109.9,53.2
806,141.5,51.6,51.2,53.7
807,248.1,76.9,90,63
808,239.4,91.7,96.9,66.4
809,111.8,80.6,158,56.5
810,325.4,83.6,99.8,68.4
811,275.1,82.8,114.2,67.1
812,89.5,84.3,90.1,55.4
813,62.2,90.9,114.3,54.3
814,196.5,86.3,103.5,63.5
815,225.8,55.8,103.4,57.9
816,53.7,93.9,120,52.2
817,102.5,77.8,68.5,56.8
818,165.2,64.6,56.6,58.2
819,53.6,47.1,46,49.8
820,244.8,47.6,66.2,55.6
821,111.1,50.8,69.2,53.6
822,259.7,69,49,62.4
823,68.8,80.1,110.9,54.2
824,142.5,52.6,52.2,54.7
825,249.1,77.9,91,64
826,240.4,92.7,97.9,67.4
827,112.8,81.6,159,57.5
828,326.4,84.6,100.8,69.4
829,276.1,83.8,115.2,68.1
830,90.5,85.3,91.1,56.4
831,63.2,91.9,115.3,55.3
832,197.5,87.3,104.5,64.5
833,226.8,56.8,104.4,58.9
834,54.7,94.9,121,53.2
835,103.5,78.8,69.5,57.8
836,166.2,65.6,57.6,59.2
837,54.6,48.1,47,50.8
838,245.8,48.6,67.2,56.6
839,112.1,51.8,70.2,54.6
840,260.7,70,50,63.4
841,69.8,81.1,111.9,55.2
842,143.5,53.6,53.2,55.7
843,250.1,78.9,92,65
844,241.4,93.7,98.9,68.4
845,113.8,82.6,160,58.5
846,327.4,85.6,101.8,70.4
847,277.1,84.8,116.2,69.1
848,91.5,86.3,92.1,57.4
849,64.2,92.9,116.3,56.3
850,198.5,88.3,105.5,65.5
851,227.8,57.8,105.4,59.9
852,55.7,95.9,122,54.2
853,104.5,79.8,70.5,58.8
854,167.2,66.6,58.6,60.2
855,55.6,49.1,48,51.8
856,246.8,49.6,68.2,57.6
857,113.1,52.8,71.2,55.6
858,261.7,71,51,64.4
859,70.8,82.1,112.9,56.2
860,144.5,54.6,54.2,56.7
861,251.1,79.9,93,66
862,242.4,94.7,99.9,69.4
863,114.8,83.6,161,59.5
864,328.4,86.6,102.8,71.4
865,278.1,85.8,117.2,70.1
866,92.5,87.3,93.1,58.4
867,65.2,93.9,117.3,57.3
868,199.5,89.3,106.5,66.5
869,228.8,58.8,106.4,60.9
870,56.7,96.9,123,55.2
871,105.5,80.8,71.5,59.8
872,168.2,67.6,59.6,61.2
873,56.6,50.1,49,52.8
874,247.8,50.6,69.2,58.6
875,114.1,53.8,72.2,56.6
876,262.7,72,52,65.4
877,71.8,83.1,113.9,57.2
878,145.5,55.6,55.2,57.7
879,252.1,80.9,94,67
880,243.4,95.7,100.9,70.4
881,115.8,84.6,162,60.5
882,329.4,87.6,103.8,72.4
883,279.1,86.8,118.2,71.1
884,93.5,88.3,94.1,59.4
885,66.2,94.9,118.3,58.3
886,200.5,90.3,107.5,67.5
887,229.8,59.8,107.4,61.9
888,57.7,97.9,124,56.2
889,106.5,81.8,72.5,60.8
890,169.2,68.6,60.6,62.2
891,57.6,51.1,50,53.8
892,248.8,51.6,70.2,59.6
893,115.1,54.8,73.2,57.6
894,263.7,73,53,66.4
895,72.8,84.1,114.9,58.2
896,146.5,56.6,56.2,58.7
897,253.1,81.9,95,68
898,244.4,96.7,101.9,71.4
899,116.8,85.6,163,61.5
900,330.4,88.6,104.8,73.4
901,280.1,87.8,119.2,72.1
902,94.5,89.3,95.1,60.4
903,67.2,95.9,119.3,59.3
904,201.5,91.3,108.5,68.5
905,230.8,60.8,108.4,62.9
906,58.7,98.9,125,57.2
907,107.5,82.8,73.5,61.8
908,170.2,69.6,61.6,63.2
909,58.6,52.1,51,54.8
910,249.8,52.6,71.2,60.6
911,116.1,55.8,74.2,58.6
912,264.7,74,54,67.4
913,73.8,85.1,115.9,59.2
914,147.5,57.6,57.2,59.7
915,254.1,82.9,96,69
916,245.4,97.7,102.9,72.4
917,117.8,86.6,164,62.5
918,331.4,89.6,105.8,74.4
919,281.1,88.8,120.2,73.1
920,95.5,90.3,96.1,61.4
921,68.2,96.9,120.3,60.3
922,202.5,92.3,109.5,69.5
923,231.8,61.8,109.4,63.9
924,59.7,99.9,126,58.2
925,108.5,83.8,74.5,62.8
926,171.2,70.6,62.6,64.2
927,59.6,53.1,52,55.8
928,250.8,53.6,72.2,61.6
929,117.1,56.8,75.2,59.6
930,265.7,75,55,68.4
931,74.8,86.1,116.9,60.2
932,148.5,58.6,58.2,60.7
933,255.1,83.9,97,70
934,246.4,98.7,103.9,73.4
935,118.8,87.6,165,63.5
936,332.4,90.6,106.8,75.4
937,282.1,89.8,121.2,74.1
938,96.5,91.3,97.1,62.4
939,69.2,97.9,121.3,61.3
940,203.5,93.3,110.5,70.5
941,232.8,62.8,110.4,64.9
942,60.7,100.9,127,59.2
943,109.5,84.8,75.5,63.8
944,172.2,71.6,63.6,65.2
945,60.6,54.1,53,56.8
946,251.8,54.6,73.2,62.6
947,118.1,57.8,76.2,60.6
948,266.7,76,56,69.4
949,75.8,87.1,117.9,61.2
950,149.5,59.6,59.2,61.7
951,256.1,84.9,98,71
952,247.4,99.7,104.9,74.4
953,119.8,88.6,166,64.5
954,333.4,91.6,107.8,76.4
955,283.1,90.8,122.2,75.1
956,97.5,92.3,98.1,63.4
957,70.2,98.9,122.3,62.3
958,204.5,94.3,111.5,71.5
959,233.8,63.8,111.4,65.9
960,61.7,101.9,128,60.2
961,110.5,85.8,76.5,64.8
962,173.2,72.6,64.6,66.2
963,61.6,55.1,54,57.8
964,252.8,55.6,74.2,63.6
965,119.1,58.8,77.2,61.6
966,267.7,77,57,70.4
967,76.8,88.1,118.9,62.2
968,150.5,60.6,60.2,62.7
969,257.1,85.9,99,72
970,248.4,100.7,105.9,75.4
971,120.8,89.6,167,65.5
972,334.4,92.6,108.8,77.4
973,284.1,91.8,123.2,76.1
974,98.5,93.3,99.1,64.4
975,71.2,99.9,123.3,63.3
976,205.5,95.3,112.5,72.5
977,234.8,64.8,112.4,66.9
978,62.7,102.9,129,61.2
979,111.5,86.8,77.5,65.8
980,174.2,73.6,65.6,67.2
981,62.6,56.1,55,58.8
982,253.8,56.6,75.2,64.6
983,120.1,59.8,78.2,62.6
984,268.7,78,58,71.4
985,77.8,89.1,119.9,63.2
986,151.5,61.6,61.2,63.7
987,258.1,86.9,100,73
988,249.4,101.7,106.9,76.4
989,121.8,90.6,168,66.5
990,335.4,93.6,109.8,78.4
991,285.1,92.8,124.2,77.1
992,99.5,94.3,100.1,65.4
993,72.2,100.9,124.3,64.3
994,206.5,96.3,113.5,73.5
995,235.8,65.8,113.4,67.9
996,63.7,103.9,130,62.2
997,112.5,87.8,78.5,66.8
998,175.2,74.6,66.6,68.2
999,63.6,57.1,56,59.8
1000,254.8,57.6,76.2,65.6
1001,121.1,60.8,79.2,63.6
1002,269.7,79,59,72.4
1003,78.8,90.1,120.9,64.2
1004,152.5,62.6,62.2,64.7
1005,259.1,87.9,101,74
1006,250.4,102.7,107.9,77.4
1007,122.8,91.6,169,67.5
1008,336.4,94.6,110.8,79.4
1009,286.1,93.8,125.2,78.1
1010,100.5,95.3,101.1,66.4
1011,73.2,101.9,125.3,65.3
1012,207.5,97.3,114.5,74.5
1013,236.8,66.8,114.4,68.9
1014,64.7,104.9,131,63.2
1015,113.5,88.8,79.5,67.8
1016,176.2,75.6,67.6,69.2
1017,64.6,58.1,57,60.8
1018,255.8,58.6,77.2,66.6
1019,122.1,61.8,80.2,64.6
1020,270.7,80,60,73.4
1021,79.8,91.1,121.9,65.2
1022,153.5,63.6,63.2,65.7
1023,260.1,88.9,102,75
1024,251.4,103.7,108.9,78.4
1025,123.8,92.6,170,68.5
1026,337.4,95.6,111.8,80.4
1027,287.1,94.8,126.2,79.1
1028,101.5,96.3,102.1,67.4
1029,74.2,102.9,126.3,66.3
1030,208.5,98.3,115.5,75.5
1031,237.8,67.8,115.4,69.9
1032,65.7,105.9,132,64.2
1033,114.5,89.8,80.5,68.8
1034,177.2,76.6,68.6,70.2
1035,65.6,59.1,58,61.8
1036,256.8,59.6,78.2,67.6
1037,123.1,62.8,81.2,65.6
1038,271.7,81,61,74.4
1039,80.8,92.1,122.9,66.2
1040,154.5,64.6,64.2,66.7
1041,261.1,89.9,103,76
1042,252.4,104.7,109.9,79.4
1043,124.8,93.6,171,69.5
1044,338.4,96.6,112.8,81.4
1045,288.1,95.8,127.2,80.1
1046,102.5,97.3,103.1,68.4
1047,75.2,103.9,127.3,67.3
1048,209.5,99.3,116.5,76.5
1049,238.8,68.8,116.4,70.9
1050,66.7,106.9,133,65.2
1051,115.5,90.8,81.5,69.8
1052,178.2,77.6,69.6,71.2
1053,66.6,60.1,59,62.8
1054,257.8,60.6,79.2,68.6
1055,124.1,63.8,82.2,66.6
1056,272.7,82,62,75.4
1057,81.8,93.1,123.9,67.2
1058,155.5,65.6,65.2,67.7
1059,262.1,90.9,104,77
1060,253.4,105.7,110.9,80.4
1061,125.8,94.6,172,70.5
1062,339.4,97.6,113.8,82.4
1063,289.1,96.8,128.2,81.1
1064,103.5,98.3,104.1,69.4
1065,76.2,104.9,128.3,68.3
1066,210.5,100.3,117.5,77.5
1067,239.8,69.8,117.4,71.9
1068,67.7,107.9,134,66.2
1069,116.5,91.8,82.5,70.8
1070,179.2,78.6,70.6,72.2
1071,67.6,61.1,60,63.8
1072,258.8,61.6,80.2,69.6
1073,125.1,64.8,83.2,67.6
1074,273.7,83,63,76.4
1075,82.8,94.1,124.9,68.2
1076,156.5,66.6,66.2,68.7
1077,263.1,91.9,105,78
1078,254.4,106.7,111.9,81.4
1079,126.8,95.6,173,71.5
1080,340.4,98.6,114.8,83.4
1081,290.1,97.8,129.2,82.1
1082,104.5,99.3,105.1,70.4
1083,77.2,105.9,129.3,69.3
1084,211.5,101.3,118.5,78.5
1085,240.8,70.8,118.4,72.9
1086,68.7,108.9,135,67.2
1087,117.5,92.8,83.5,71.8
1088,180.2,79.6,71.6,73.2
1089,68.6,62.1,61,64.8
1090,259.8,62.6,81.2,70.6
1091,126.1,65.8,84.2,68.6
1092,274.7,84,64,77.4
1093,83.8,95.1,125.9,69.2
1094,157.5,67.6,67.2,69.7
1095,264.1,92.9,106,79
1096,255.4,107.7,112.9,82.4
1097,127.8,96.6,174,72.5
1098,341.4,99.6,115.8,84.4
1099,291.1,98.8,130.2,83.1
1100,105.5,100.3,106.1,71.4
1101,78.2,106.9,130.3,70.3
1102,212.5,102.3,119.5,79.5
1103,241.8,71.8,119.4,73.9
1104,69.7,109.9,136,68.2
1105,118.5,93.8,84.5,72.8
1106,181.2,80.6,72.6,74.2
1107,69.6,63.1,62,65.8
1108,260.8,63.6,82.2,71.6
1109,127.1,66.8,85.2,69.6
1110,275.7,85,65,78.4
1111,84.8,96.1,126.9,70.2
1112,158.5,68.6,68.2,70.7
1113,265.1,93.9,107,80
1114,256.4,108.7,113.9,83.4
1115,128.8,97.6,175,73.5
1116,342.4,100.6,116.8,85.4
1117,292.1,99.8,131.2,84.1
1118,106.5,101.3,107.1,72.4
1119,79.2,107.9,131.3,71.3
1120,213.5,103.3,120.5,80.5
1121,242.8,72.8,120.4,74.9
1122,70.7,110.9,137,69.2
1123,119.5,94.8,85.5,73.8
1124,182.2,81.6,73.6,75.2
1125,70.6,64.1,63,66.8
1126,261.8,64.6,83.2,72.6
1127,128.1,67.8,86.2,70.6
1128,276.7,86,66,79.4
1129,85.8,97.1,127.9,71.2
1130,159.5,69.6,69.2,71.7
1131,266.1,94.9,108,81
1132,257.4,109.7,114.9,84.4
1133,129.8,98.6,176,74.5
1134,343.4,101.6,117.8,86.4
1135,293.1,100.8,132.2,85.1
1136,107.5,102.3,108.1,73.4
1137,80.2,108.9,132.3,72.3
1138,214.5,104.3,121.5,81.5
1139,243.8,73.8,121.4,75.9
1140,71.7,111.9,138,70.2
1141,120.5,95.8,86.5,74.8
1142,183.2,82.6,74.6,76.2
1143,71.6,65.1,64,67.8
1144,262.8,65.6,84.2,73.6
1145,129.1,68.8,87.2,71.6
1146,277.7,87,67,80.4
1147,86.8,98.1,128.9,72.2
1148,160.5,70.6,70.2,72.7
1149,267.1,95.9,109,82
1150,258.4,110.7,115.9,85.4
1151,130.8,99.6,177,75.5
1152,344.4,102.6,118.8,87.4
1153,294.1,101.8,133.2,86.1
1154,108.5,103.3,109.1,74.4
1155,81.2,109.9,133.3,73.3
1156,215.5,105.3,122.5,82.5
1157,244.8,74.8,122.4,76.9
1158,72.7,112.9,139,71.2
1159,121.5,96.8,87.5,75.8
1160,184.2,83.6,75.6,77.2
1161,72.6,66.1,65,68.8
1162,263.8,66.6,85.2,74.6
1163,130.1,69.8,88.2,72.6
1164,278.7,88,68,81.4
1165,87.8,99.1,129.9,73.2
1166,161.5,71.6,71.2,73.7
1167,268.1,96.9,110,83
1168,259.4,111.7,116.9,86.4
1169,131.8,100.6,178,76.5
1170,345.4,103.6,119.8,88.4
1171,295.1,102.8,134.2,87.1
1172,109.5,104.3,110.1,75.4
1173,82.2,110.9,134.3,74.3
1174,216.5,106.3,123.5,83.5
1175,245.8,75.8,123.4,77.9
1176,73.7,113.9,140,72.2
1177,122.5,97.8,88.5,76.8
1178,185.2,84.6,76.6,78.2
1179,73.6,67.1,66,69.8
1180,264.8,67.6,86.2,75.6
1181,131.1,70.8,89.2,73.6
1182,279.7,89,69,82.4
1183,88.8,100.1,130.9,74.2
1184,162.5,72.6,72.2,74.7
1185,269.1,97.9,111,84
1186,260.4,112.7,117.9,87.4
1187,132.8,101.6,179,77.5
1188,346.4,104.6,120.8,89.4
1189,296.1,103.8,135.2,88.1
1190,110.5,105.3,111.1,76.4
1191,83.2,111.9,135.3,75.3
1192,217.5,107.3,124.5,84.5
1193,246.8,76.8,124.4,78.9
1194,74.7,114.9,141,73.2
1195,123.5,98.8,89.5,77.8
1196,186.2,85.6,77.6,79.2
1197,74.6,68.1,67,70.8
1198,265.8,68.6,87.2,76.6
1199,132.1,71.8,90.2,74.6
1200,280.7,90,70,83.4
1201,89.8,101.1,131.9,75.2
1202,163.5,73.6,73.2,75.7
1203,270.1,98.9,112,85
1204,261.4,113.7,118.9,88.4
1205,133.8,102.6,180,78.5
1206,347.4,105.6,121.8,90.4
1207,297.1,104.8,136.2,89.1
1208,111.5,106.3,112.1,77.4
1209,84.2,112.9,136.3,76.3
1210,218.5,108.3,125.5,85.5
1211,247.8,77.8,125.4,79.9
1212,75.7,115.9,142,74.2
1213,124.5,99.8,90.5,78.8
1214,187.2,86.6,78.6,80.2
1215,75.6,69.1,68,71.8
1216,266.8,69.6,88.2,77.6
1217,133.1,72.8,91.2,75.6
1218,281.7,91,71,84.4
1219,90.8,102.1,132.9,76.2
1220,164.5,74.6,74.2,76.7
1221,271.1,99.9,113,86
1222,262.4,114.7,119.9,89.4
1223,134.8,103.6,181,79.5
1224,348.4,106.6,122.8,91.4
1225,298.1,105.8,137.2,90.1
1226,112.5,107.3,113.1,78.4
1227,85.2,113.9,137.3,77.3
1228,219.5,109.3,126.5,86.5
1229,248.8,78.8,126.4,80.9
1230,76.7,116.9,143,75.2
1231,125.5,100.8,91.5,79.8
1232,188.2,87.6,79.6,81.2
1233,76.6,70.1,69,72.8
1234,267.8,70.6,89.2,78.6
1235,134.1,73.8,92.2,76.6
1236,282.7,92,72,85.4
1237,91.8,103.1,133.9,77.2
1238,165.5,75.6,75.2,77.7
1239,272.1,100.9,114,87
1240,263.4,115.7,120.9,90.4
1241,135.8,104.6,182,80.5
1242,349.4,107.6,123.8,92.4
1243,299.1,106.8,138.2,91.1
1244,113.5,108.3,114.1,79.4
1245,86.2,114.9,138.3,78.3
1246,220.5,110.3,127.5,87.5
1247,249.8,79.8,127.4,81.9
1248,77.7,117.9,144,76.2
1249,126.5,101.8,92.5,80.8
1250,189.2,88.6,80.6,82.2
1251,77.6,71.1,70,73.8
1252,268.8,71.6,90.2,79.6
1253,135.1,74.8,93.2,77.6
1254,283.7,93,73,86.4
1255,92.8,104.1,134.9,78.2
1256,166.5,76.6,76.2,78.7
1257,273.1,101.9,115,88
1258,264.4,116.7,121.9,91.4
1259,136.8,105.6,183,81.5
1260,350.4,108.6,124.8,93.4
1261,300.1,107.8,139.2,92.1
1262,114.5,109.3,115.1,80.4
1263,87.2,115.9,139.3,79.3
1264,221.5,111.3,128.5,88.5
1265,250.8,80.8,128.4,82.9
1266,78.7,118.9,145,77.2
1267,127.5,102.8,93.5,81.8
1268,190.2,89.6,81.6,83.2
1269,78.6,72.1,71,74.8
1270,269.8,72.6,91.2,80.6
1271,136.1,75.8,94.2,78.6
1272,284.7,94,74,87.4
1273,93.8,105.1,135.9,79.2
1274,167.5,77.6,77.2,79.7
1275,274.1,102.9,116,89
1276,265.4,117.7,122.9,92.4
1277,137.8,106.6,184,82.5
1278,351.4,109.6,125.8,94.4
1279,301.1,108.8,140.2,93.1
1280,115.5,110.3,116.1,81.4
1281,88.2,116.9,140.3,80.3
1282,222.5,112.3,129.5,89.5
1283,251.8,81.8,129.4,83.9
1284,79.7,119.9,146,78.2
1285,128.5,103.8,94.5,82.8
1286,191.2,90.6,82.6,84.2
1287,79.6,73.1,72,75.8
1288,270.8,73.6,92.2,81.6
1289,137.1,76.8,95.2,79.6
1290,285.7,95,75,88.4
1291,94.8,106.1,136.9,80.2
1292,168.5,78.6,78.2,80.7
1293,275.1,103.9,117,90
1294,266.4,118.7,123.9,93.4
1295,138.8,107.6,185,83.5
1296,352.4,110.6,126.8,95.4
1297,302.1,109.8,141.2,94.1
1298,116.5,111.3,117.1,82.4
1299,89.2,117.9,141.3,81.3
1300,223.5,113.3,130.5,90.5
1301,252.8,82.8,130.4,84.9
1302,80.7,120.9,147,79.2
1303,129.5,104.8,95.5,83.8
1304,192.2,91.6,83.6,85.2
1305,80.6,74.1,73,76.8
1306,271.8,74.6,93.2,82.6
1307,138.1,77.8,96.2,80.6
1308,286.7,96,76,89.4
1309,95.8,107.1,137.9,81.2
1310,169.5,79.6,79.2,81.7
1311,276.1,104.9,118,91
1312,267.4,119.7,124.9,94.4
1313,139.8,108.6,186,84.5
1314,353.4,111.6,127.8,96.4
1315,303.1,110.8,142.2,95.1
1316,117.5,112.3,118.1,83.4
1317,90.2,118.9,142.3,82.3
1318,224.5,114.3,131.5,91.5
1319,253.8,83.8,131.4,85.9
1320,81.7,121.9,148,80.2
1321,130.5,105.8,96.5,84.8
1322,193.2,92.6,84.6,86.2
1323,81.6,75.1,74,77.8
1324,272.8,75.6,94.2,83.6
1325,139.1,78.8,97.2,81.6
1326,287.7,97,77,90.4
1327,96.8,108.1,138.9,82.2
1328,170.5,80.6,80.2,82.7
1329,277.1,105.9,119,92
1330,268.4,120.7,125.9,95.4
1331,140.8,109.6,187,85.5
1332,354.4,112.6,128.8,97.4
1333,304.1,111.8,143.2,96.1
1334,118.5,113.3,119.1,84.4
1335,91.2,119.9,143.3,83.3
1336,225.5,115.3,132.5,92.5
1337,254.8,84.8,132.4,86.9
1338,82.7,122.9,149,81.2
1339,131.5,106.8,97.5,85.8
1340,194.2,93.6,85.6,87.2
1341,82.6,76.1,75,78.8
1342,273.8,76.6,95.2,84.6
1343,140.1,79.8,98.2,82.6
1344,288.7,98,78,91.4
1345,97.8,109.1,139.9,83.2
1346,171.5,81.6,81.2,83.7
1347,278.1,106.9,120,93
1348,269.4,121.7,126.9,96.4
1349,141.8,110.6,188,86.5
1350,355.4,113.6,129.8,98.4
1351,305.1,112.8,144.2,97.1
1352,119.5,114.3,120.1,85.4
1353,92.2,120.9,144.3,84.3
1354,226.5,116.3,133.5,93.5
1355,255.8,85.8,133.4,87.9
1356,83.7,123.9,150,82.2
1357,132.5,107.8,98.5,86.8
1358,195.2,94.6,86.6,88.2
1359,83.6,77.1,76,79.8
1360,274.8,77.6,96.2,85.6
1361,141.1,80.8,99.2,83.6
1362,289.7,99,79,92.4
1363,98.8,110.1,140.9,84.2
1364,172.5,82.6,82.2,84.7
1365,279.1,107.9,121,94
1366,270.4,122.7,127.9,97.4
1367,142.8,111.6,189,87.5
1368,356.4,114.6,130.8,99.4
1369,306.1,113.8,145.2,98.1
1370,120.5,115.3,121.1,86.4
1371,93.2,121.9,145.3,85.3
1372,227.5,117.3,134.5,94.5
1373,256.8,86.8,134.4,88.9
1374,84.7,124.9,151,83.2
1375,133.5,108.8,99.5,87.8
1376,196.2,95.6,87.6,89.2
1377,84.6,78.1,77,80.8
1378,275.8,78.6,97.2,86.6
1379,142.1,81.8,100.2,84.6
1380,290.7,100,80,93.4
1381,99.8,111.1,141.9,85.2
1382,173.5,83.6,83.2,85.7
1383,280.1,108.9,122,95
1384,271.4,123.7,128.9,98.4
1385,143.8,112.6,190,88.5
1386,357.4,115.6,131.8,100.4
1387,307.1,114.8,146.2,99.1
1388,121.5,116.3,122.1,87.4
1389,94.2,122.9,146.3,86.3
1390,228.5,118.3,135.5,95.5
1391,257.8,87.8,135.4,89.9
1392,85.7,125.9,152,84.2
1393,134.5,109.8,100.5,88.8
1394,197.2,96.6,88.6,90.2
1395,85.6,79.1,78,81.8
1396,276.8,79.6,98.2,87.6
1397,143.1,82.8,101.2,85.6
1398,291.7,101,81,94.4
1399,100.8,112.1,142.9,86.2
1400,174.5,84.6,84.2,86.7
1401,281.1,109.9,123,96
1402,272.4,124.7,129.9,99.4
1403,144.8,113.6,191,89.5
1404,358.4,116.6,132.8,101.4
1405,308.1,115.8,147.2,100.1
1406,122.5,117.3,123.1,88.4
1407,95.2,123.9,147.3,87.3
1408,229.5,119.3,136.5,96.5
1409,258.8,88.8,136.4,90.9
1410,86.7,126.9,153,85.2
1411,135.5,110.8,101.5,89.8
1412,198.2,97.6,89.6,91.2
1413,86.6,80.1,79,82.8
1414,277.8,80.6,99.2,88.6
1415,144.1,83.8,102.2,86.6
1416,292.7,102,82,95.4
1417,101.8,113.1,143.9,87.2
1418,175.5,85.6,85.2,87.7
1419,282.1,110.9,124,97
1420,273.4,125.7,130.9,100.4
1421,145.8,114.6,192,90.5
1422,359.4,117.6,133.8,102.4
1423,309.1,116.8,148.2,101.1
1424,123.5,118.3,124.1,89.4
1425,96.2,124.9,148.3,88.3
1426,230.5,120.3,137.5,97.5
1427,259.8,89.8,137.4,91.9
1428,87.7,127.9,154,86.2
1429,136.5,111.8,102.5,90.8
1430,199.2,98.6,90.6,92.2
1431,87.6,81.1,80,83.8
1432,278.8,81.6,100.2,89.6
1433,145.1,84.8,103.2,87.6
1434,293.7,103,83,96.4
1435,102.8,114.1,144.9,88.2
1436,176.5,86.6,86.2,88.7
1437,283.1,111.9,125,98
1438,274.4,126.7,131.9,101.4
1439,146.8,115.6,193,91.5
1440,360.4,118.6,134.8,103.4
1441,310.1,117.8,149.2,102.1
1442,124.5,119.3,125.1,90.4
1443,97.2,125.9,149.3,89.3
1444,231.5,121.3,138.5,98.5
1445,260.8,90.8,138.4,92.9
1446,88.7,128.9,155,87.2
1447,137.5,112.8,103.5,91.8
1448,200.2,99.6,91.6,93.2
1449,88.6,82.1,81,84.8
1450,279.8,82.6,101.2,90.6
1451,146.1,85.8,104.2,88.6
1452,294.7,104,84,97.4
1453,103.8,115.1,145.9,89.2
1454,177.5,87.6,87.2,89.7
1455,284.1,112.9,126,99
1456,275.4,127.7,132.9,102.4
1457,147.8,116.6,194,92.5
1458,361.4,119.6,135.8,104.4
1459,311.1,118.8,150.2,103.1
1460,125.5,120.3,126.1,91.4
1461,98.2,126.9,150.3,90.3
1462,232.5,122.3,139.5,99.5
1463,261.8,91.8,139.4,93.9
1464,89.7,129.9,156,88.2
1465,138.5,113.8,104.5,92.8
1466,201.2,100.6,92.6,94.2
1467,89.6,83.1,82,85.8
1468,280.8,83.6,102.2,91.6
1469,147.1,86.8,105.2,89.6
1470,295.7,105,85,98.4
1471,104.8,116.1,146.9,90.2
1472,178.5,88.6,88.2,90.7
1473,285.1,113.9,127,100
1474,276.4,128.7,133.9,103.4
1475,148.8,117.6,195,93.5
1476,362.4,120.6,136.8,105.4
1477,312.1,119.8,151.2,104.1
1478,126.5,121.3,127.1,92.4
1479,99.2,127.9,151.3,91.3
1480,233.5,123.3,140.5,100.5
1481,262.8,92.8,140.4,94.9
1482,90.7,130.9,157,89.2
1483,139.5,114.8,105.5,93.8
1484,202.2,101.6,93.6,95.2
1485,90.6,84.1,83,86.8
1486,281.8,84.6,103.2,92.6
1487,148.1,87.8,106.2,90.6
1488,296.7,106,86,99.4
1489,105.8,117.1,147.9,91.2
1490,179.5,89.6,89.2,91.7
1491,286.1,114.9,128,101
1492,277.4,129.7,134.9,104.4
1493,149.8,118.6,196,94.5
1494,363.4,121.6,137.8,106.4
1495,313.1,120.8,152.2,105.1
1496,127.5,122.3,128.1,93.4
1497,100.2,128.9,152.3,92.3
1498,234.5,124.3,141.5,101.5
1499,263.8,93.8,141.4,95.9
1500,91.7,131.9,158,90.2
1501,140.5,115.8,106.5,94.8
1502,203.2,102.6,94.6,96.2
1503,91.6,85.1,84,87.8
1504,282.8,85.6,104.2,93.6
1505,149.1,88.8,107.2,91.6
1506,297.7,107,87,100.4
1507,106.8,118.1,148.9,92.2
1508,180.5,90.6,90.2,92.7
1509,287.1,115.9,129,102
1510,278.4,130.7,135.9,105.4
1511,150.8,119.6,197,95.5
1512,364.4,122.6,138.8,107.4
1513,314.1,121.8,153.2,106.1
1514,128.5,123.3,129.1,94.4
1515,101.2,129.9,153.3,93.3
1516,235.5,125.3,142.5,102.5
1517,264.8,94.8,142.4,96.9
1518,92.7,132.9,159,91.2
1519,141.5,116.8,107.5,95.8
1520,204.2,103.6,95.6,97.2
1521,92.6,86.1,85,88.8
1522,283.8,86.6,105.2,94.6
1523,150.1,89.8,108.2,92.6
1524,298.7,108,88,101.4
1525,107.8,119.1,149.9,93.2
1526,181.5,91.6,91.2,93.7
1527,288.1,116.9,130,103
1528,279.4,131.7,136.9,106.4
1529,151.8,120.6,198,96.5
1530,365.4,123.6,139.8,108.4
1531,315.1,122.8,154.2,107.1
1532,129.5,124.3,130.1,95.4
1533,102.2,130.9,154.3,94.3
1534,236.5,126.3,143.5,103.5
1535,265.8,95.8,143.4,97.9
1536,93.7,133.9,160,92.2
1537,142.5,117.8,108.5,96.8
1538,205.2,104.6,96.6,98.2
1539,93.6,87.1,86,89.8
1540,284.8,87.6,106.2,95.6
1541,151.1,90.8,109.2,93.6
1542,299.7,109,89,102.4
1543,108.8,120.1,150.9,94.2
1544,182.5,92.6,92.2,94.7
1545,289.1,117.9,131,104
1546,280.4,132.7,137.9,107.4
1547,152.8,121.6,199,97.5
1548,366.4,124.6,140.8,109.4
1549,316.1,123.8,155.2,108.1
1550,130.5,125.3,131.1,96.4
1551,103.2,131.9,155.3,95.3
1552,237.5,127.3,144.5,104.5
1553,266.8,96.8,144.4,98.9
1554,94.7,134.9,161,93.2
1555,143.5,118.8,109.5,97.8
1556,206.2,105.6,97.6,99.2
1557,94.6,88.1,87,90.8
1558,285.8,88.6,107.2,96.6
1559,152.1,91.8,110.2,94.6
1560,300.7,110,90,103.4
1561,109.8,121.1,151.9,95.2
1562,183.5,93.6,93.2,95.7
1563,290.1,118.9,132,105
1564,281.4,133.7,138.9,108.4
1565,153.8,122.6,200,98.5
1566,367.4,125.6,141.8,110.4
1567,317.1,124.8,156.2,109.1
1568,131.5,126.3,132.1,97.4
1569,104.2,132.9,156.3,96.3
1570,238.5,128.3,145.5,105.5
1571,267.8,97.8,145.4,99.9
1572,95.7,135.9,162,94.2
1573,144.5,119.8,110.5,98.8
1574,207.2,106.6,98.6,100.2
1575,95.6,89.1,88,91.8
1576,286.8,89.6,108.2,97.6
1577,153.1,92.8,111.2,95.6
1578,301.7,111,91,104.4
1579,110.8,122.1,152.9,96.2
1580,184.5,94.6,94.2,96.7
1581,291.1,119.9,133,106
1582,282.4,134.7,139.9,109.4
1583,154.8,123.6,201,99.5
1584,368.4,126.6,142.8,111.4
1585,318.1,125.8,157.2,110.1
1586,132.5,127.3,133.1,98.4
1587,105.2,133.9,157.3,97.3
1588,239.5,129.3,146.5,106.5
1589,268.8,98.8,146.4,100.9
1590,96.7,136.9,163,95.2
1591,145.5,120.8,111.5,99.8
1592,208.2,107.6,99.6,101.2
1593,96.6,90.1,89,92.8
1594,287.8,90.6,109.2,98.6
1595,154.1,93.8,112.2,96.6
1596,302.7,112,92,105.4
1597,111.8,123.1,153.9,97.2
1598,185.5,95.6,95.2,97.7
1599,292.1,120.9,134,107
1600,283.4,135.7,140.9,110.4
1601,155.8,124.6,202,100.5
1602,369.4,127.6,143.8,112.4
1603,319.1,126.8,158.2,111.1
1604,133.5,128.3,134.1,99.4
1605,106.2,134.9,158.3,98.3
1606,240.5,130.3,147.5,107.5
1607,269.8,99.8,147.4,101.9
1608,97.7,137.9,164,96.2
1609,146.5,121.8,112.5,100.8
1610,209.2,108.6,100.6,102.2
1611,97.6,91.1,90,93.8
1612,288.8,91.6,110.2,99.6
1613,155.1,94.8,113.2,97.6
1614,303.7,113,93,106.4
1615,112.8,124.1,154.9,98.2
1616,186.5,96.6,96.2,98.7
1617,293.1,121.9,135,108
1618,284.4,136.7,141.9,111.4
1619,156.8,125.6,203,101.5
1620,370.4,128.6,144.8,113.4
1621,320.1,127.8,159.2,112.1
1622,134.5,129.3,135.1,100.4
1623,107.2,135.9,159.3,99.3
1624,241.5,131.3,148.5,108.5
1625,270.8,100.8,148.4,102.9
1626,98.7,138.9,165,97.2
1627,147.5,122.8,113.5,101.8
1628,210.2,109.6,101.6,103.2
1629,98.6,92.1,91,94.8
1630,289.8,92.6,111.2,100.6
1631,156.1,95.8,114.2,98.6
1632,304.7,114,94,107.4
1633,113.8,125.1,155.9,99.2
1634,187.5,97.6,97.2,99.7
1635,294.1,122.9,136,109
1636,285.4,137.7,142.9,112.4
1637,157.8,126.6,204,102.5
1638,371.4,129.6,145.8,114.4
1639,321.1,128.8,160.2,113.1
1640,135.5,130.3,136.1,101.4
1641,108.2,136.9,160.3,100.3
1642,242.5,132.3,149.5,109.5
1643,271.8,101.8,149.4,103.9
1644,99.7,139.9,166,98.2
1645,148.5,123.8,114.5,102.8
1646,211.2,110.6,102.6,104.2
1647,99.6,93.1,92,95.8
1648,290.8,93.6,112.2,101.6
1649,157.1,96.8,115.2,99.6
1650,305.7,115,95,108.4
1651,114.8,126.1,156.9,100.2
1652,188.5,98.6,98.2,100.7
1653,295.1,123.9,137,110
1654,286.4,138.7,143.9,113.4
1655,158.8,127.6,205,103.5
1656,372.4,130.6,146.8,115.4
1657,322.1,129.8,161.2,114.1
1658,136.5,131.3,137.1,102.4
1659,109.2,137.9,161.3,101.3
1660,243.5,133.3,150.5,110.5
1661,272.8,102.8,150.4,104.9
1662,100.7,140.9,167,99.2
1663,149.5,124.8,115.5,103.8
1664,212.2,111.6,103.6,105.2
1665,100.6,94.1,93,96.8
1666,291.8,94.6,113.2,102.6
1667,158.1,97.8,116.2,100.6
1668,306.7,116,96,109.4
1669,115.8,127.1,157.9,101.2
1670,189.5,99.6,99.2,101.7
1671,296.1,124.9,138,111
1672,287.4,139.7,144.9,114.4
1673,159.8,128.6,206,104.5
1674,373.4,131.6,147.8,116.4
1675,323.1,130.8,162.2,115.1
1676,137.5,132.3,138.1,103.4
1677,110.2,138.9,162.3,102.3
1678,244.5,134.3,151.5,111.5
1679,273.8,103.8,151.4,105.9
1680,101.7,141.9,168,100.2
1681,150.5,125.8,116.5,104.8
1682,213.2,112.6,104.6,106.2
1683,101.6,95.1,94,97.8
1684,292.8,95.6,114.2,103.6
1685,159.1,98.8,117.2,101.6
1686,307.7,117,97,110.4
1687,116.8,128.1,158.9,102.2
1688,190.5,100.6,100.2,102.7
1689,297.1,125.9,139,112
1690,288.4,140.7,145.9,115.4
1691,160.8,129.6,207,105.5
1692,374.4,132.6,148.8,117.4
1693,324.1,131.8,163.2,116.1
1694,138.5,133.3,139.1,104.4
1695,111.2,139.9,163.3,103.3
1696,245.5,135.3,152.5,112.5
1697,274.8,104.8,152.4,106.9
1698,102.7,142.9,169,101.2
1699,151.5,126.8,117.5,105.8
1700,214.2,113.6,105.6,107.2
1701,102.6,96.1,95,98.8
1702,293.8,96.6,115.2,104.6
1703,160.1,99.8,118.2,102.6
1704,308.7,118,98,111.4
1705,117.8,129.1,159.9,103.2
1706,191.5,101.6,101.2,103.7
1707,298.1,126.9,140,113
1708,289.4,141.7,146.9,116.4
1709,161.8,130.6,208,106.5
1710,375.4,133.6,149.8,118.4
1711,325.1,132.8,164.2,117.1
1712,139.5,134.3,140.1,105.4
1713,112.2,140.9,164.3,104.3
1714,246.5,136.3,153.5,113.5
1715,275.8,105.8,153.4,107.9
1716,103.7,143.9,170,102.2
1717,152.5,127.8,118.5,106.8
1718,215.2,114.6,106.6,108.2
1719,103.6,97.1,96,99.8
1720,294.8,97.6,116.2,105.6
1721,161.1,100.8,119.2,103.6
1722,309.7,119,99,112.4
1723,118.8,130.1,160.9,104.2
1724,192.5,102.6,102.2,104.7
1725,299.1,127.9,141,114
1726,290.4,142.7,147.9,117.4
1727,162.8,131.6,209,107.5
1728,376.4,134.6,150.8,119.4
1729,326.1,133.8,165.2,118.1
1730,140.5,135.3,141.1,106.4
1731,113.2,141.9,165.3,105.3
1732,247.5,137.3,154.5,114.5
1733,276.8,106.8,154.4,108.9
1734,104.7,144.9,171,103.2
1735,153.5,128.8,119.5,107.8
1736,216.2,115.6,107.6,109.2
1737,104.6,98.1,97,100.8
1738,295.8,98.6,117.2,106.6
1739,162.1,101.8,120.2,104.6
1740,310.7,120,100,113.4
1741,119.8,131.1,161.9,105.2
1742,193.5,103.6,103.2,105.7
1743,300.1,128.9,142,115
1744,291.4,143.7,148.9,118.4
1745,163.8,132.6,210,108.5
1746,377.4,135.6,151.8,120.4
1747,327.1,134.8,166.2,119.1
1748,141.5,136.3,142.1,107.4
1749,114.2,142.9,166.3,106.3
1750,248.5,138.3,155.5,115.5
1751,277.8,107.8,155.4,109.9
1752,105.7,145.9,172,104.2
1753,154.5,129.8,120.5,108.8
1754,217.2,116.6,108.6,110.2
1755,105.6,99.1,98,101.8
1756,296.8,99.6,118.2,107.6
1757,163.1,102.8,121.2,105.6
1758,311.7,121,101,114.4
1759,120.8,132.1,162.9,106.2
1760,194.5,104.6,104.2,106.7
1761,301.1,129.9,143,116
1762,292.4,144.7,149.9,119.4
1763,164.8,133.6,211,109.5
1764,378.4,136.6,152.8,121.4
1765,328.1,135.8,167.2,120.1
1766,142.5,137.3,143.1,108.4
1767,115.2,143.9,167.3,107.3
1768,249.5,139.3,156.5,116.5
1769,278.8,108.8,156.4,110.9
1770,106.7,146.9,173,105.2
1771,155.5,130.8,121.5,109.8
1772,218.2,117.6,109.6,111.2
1773,106.6,100.1,99,102.8
1774,297.8,100.6,119.2,108.6
1775,164.1,103.8,122.2,106.6
1776,312.7,122,102,115.4
1777,121.8,133.1,163.9,107.2
1778,195.5,105.6,105.2,107.7
1779,302.1,130.9,144,117
1780,293.4,145.7,150.9,120.4
1781,165.8,134.6,212,110.5
1782,379.4,137.6,153.8,122.4
1783,329.1,136.8,168.2,121.1
1784,143.5,138.3,144.1,109.4
1785,116.2,144.9,168.3,108.3
1786,250.5,140.3,157.5,117.5
1787,279.8,109.8,157.4,111.9
1788,107.7,147.9,174,106.2
1789,156.5,131.8,122.5,110.8
1790,219.2,118.6,110.6,112.2
1791,107.6,101.1,100,103.8
1792,298.8,101.6,120.2,109.6
1793,165.1,104.8,123.2,107.6
1794,313.7,123,103,116.4
1795,122.8,134.1,164.9,108.2
1796,196.5,106.6,106.2,108.7
1797,303.1,131.9,145,118
1798,294.4,146.7,151.9,121.4
1799,166.8,135.6,213,111.5
1800,380.4,138.6,154.8,123.4
1801,330.1,137.8,169.2,122.1
1802,144.5,139.3,145.1,110.4
1803,117.2,145.9,169.3,109.3
1804,251.5,141.3,158.5,118.5
1805,280.8,110.8,158.4,112.9
1806,108.7,148.9,175,107.2
1807,157.5,132.8,123.5,111.8
1808,220.2,119.6,111.6,113.2
1809,108.6,102.1,101,104.8
1810,299.8,102.6,121.2,110.6
1811,166.1,105.8,124.2,108.6
1812,314.7,124,104,117.4
1813,123.8,135.1,165.9,109.2
1814,197.5,107.6,107.2,109.7
1815,304.1,132.9,146,119
1816,295.4,147.7,152.9,122.4
1817,167.8,136.6,214,112.5
1818,381.4,139.6,155.8,124.4
1819,331.1,138.8,170.2,123.1
1820,145.5,140.3,146.1,111.4
1821,118.2,146.9,170.3,110.3
1822,252.5,142.3,159.5,119.5
1823,281.8,111.8,159.4,113.9
1824,109.7,149.9,176,108.2
1825,158.5,133.8,124.5,112.8
1826,221.2,120.6,112.6,114.2
1827,109.6,103.1,102,105.8
1828,300.8,103.6,122.2,111.6
1829,167.1,106.8,125.2,109.6
1830,315.7,125,105,118.4
1831,124.8,136.1,166.9,110.2
1832,198.5,108.6,108.2,110.7
1833,305.1,133.9,147,120
1834,296.4,148.7,153.9,123.4
1835,168.8,137.6,215,113.5
1836,382.4,140.6,156.8,125.4
1837,332.1,139.8,171.2,124.1
1838,146.5,141.3,147.1,112.4
1839,119.2,147.9,171.3,111.3
1840,253.5,143.3,160.5,120.5
1841,282.8,112.8,160.4,114.9
1842,110.7,150.9,177,109.2
1843,159.5,134.8,125.5,113.8
1844,222.2,121.6,113.6,115.2
1845,110.6,104.1,103,106.8
1846,301.8,104.6,123.2,112.6
1847,168.1,107.8,126.2,110.6
1848,316.7,126,106,119.4
1849,125.8,137.1,167.9,111.2
1850,199.5,109.6,109.2,111.7
1851,306.1,134.9,148,121
1852,297.4,149.7,154.9,124.4
1853,169.8,138.6,216,114.5
1854,383.4,141.6,157.8,126.4
1855,333.1,140.8,172.2,125.1
1856,147.5,142.3,148.1,113.4
1857,120.2,148.9,172.3,112.3
1858,254.5,144.3,161.5,121.5
1859,283.8,113.8,161.4,115.9
1860,111.7,151.9,178,110.2
1861,160.5,135.8,126.5,114.8
1862,223.2,122.6,114.6,116.2
1863,111.6,105.1,104,107.8
1864,302.8,105.6,124.2,113.6
1865,169.1,108.8,127.2,111.6
1866,317.7,127,107,120.4
1867,126.8,138.1,168.9,112.2
1868,200.5,110.6,110.2,112.7
1869,307.1,135.9,149,122
1870,298.4,150.7,155.9,125.4
1871,170.8,139.6,217,115.5
1872,384.4,142.6,158.8,127.4
1873,334.1,141.8,173.2,126.1
1874,148.5,143.3,149.1,114.4
1875,121.2,149.9,173.3,113.3
1876,255.5,145.3,162.5,122.5
1877,284.8,114.8,162.4,116.9
1878,112.7,152.9,179,111.2
1879,161.5,136.8,127.5,115.8
1880,224.2,123.6,115.6,117.2
1881,112.6,106.1,105,108.8
1882,303.8,106.6,125.2,114.6
1883,170.1,109.8,128.2,112.6
1884,318.7,128,108,121.4
1885,127.8,139.1,169.9,113.2
1886,201.5,111.6,111.2,113.7
1887,308.1,136.9,150,123
1888,299.4,151.7,156.9,126.4
1889,171.8,140.6,218,116.5
1890,385.4,143.6,159.8,128.4
1891,335.1,142.8,174.2,127.1
1892,149.5,144.3,150.1,115.4
1893,122.2,150.9,174.3,114.3
1894,256.5,146.3,163.5,123.5
1895,285.8,115.8,163.4,117.9
1896,113.7,153.9,180,112.2
